StudentID,Name,Section,Gender,Age,StudyHours,AttendancePercent,Marks,Midterm,Final,ExtraCurricular
S00001,Taylor Patel,D,F,17,6.21,77.1,19,13,19,Yes
S00002,Quinn Garcia,A,M,18,8.95,86.1,46,21,18,No
S00003,Avery Nguyen,B,O,16,7.42,73.3,50,24,25,No
S00004,Taylor Müller,A,M,18,6.16,89.8,36,14,19,Yes
S00005,Jordan Silva,A,O,18,12.83,86.2,78,46,47,No
S00006,Parker Shah,B,F,15,7.22,96.6,49,16,34,No
S00007,Alex Singh,D,F,16,4.7,92.5,49,18,33,Yes
S00008,Morgan Garcia,D,F,16,11.58,78.3,52,20,30,No
S00009,Peyton Kumar,D,F,16,9.6,82.1,63,32,33,Yes
S00010,Alex Müller,C,M,18,11.45,91.6,80,30,33,No
S00011,Morgan Müller,B,M,17,5.67,93.9,30,14,9,Yes
S00012,Parker Garcia,C,M,16,8.93,96.6,62,29,45,No
S00013,Sydney Silva,C,M,19,1.64,96.5,11,1,0,Yes
S00014,Quinn Patel,C,M,18,8.35,87.4,49,24,22,No
S00015,Riley Das,A,M,15,5.53,90.5,34,9,26,Yes
S00016,Robin Martinez,A,M,17,1.93,97.1,1,0,2,No
S00017,Casey Johnson,B,F,19,9.1,85.9,55,25,36,Yes
S00018,Robin Iyer,B,F,19,0.57,90.7,12,0,10,No
S00019,Jordan Khan,A,F,15,0.26,85.7,19,0,19,No
S00020,Taylor Jones,A,F,17,7.09,84.1,46,24,27,Yes
S00021,Cameron Kumar,C,M,18,7.71,88.3,64,35,39,No
S00022,Quinn Shah,D,F,14,8.91,83.2,51,20,24,Yes
S00023,Sydney Müller,D,F,17,8.23,87.1,47,17,29,No
S00024,Taylor Khan,D,F,15,10.43,80.8,55,31,28,Yes
S00025,Jordan Müller,D,F,19,8.1,86.7,44,13,21,No
S00026,Jamie Kumar,D,M,18,5.6,91.1,19,0,16,No
S00027,Cameron Silva,C,F,17,5.78,83.9,33,19,24,Yes
S00028,Morgan Singh,B,M,14,5.15,88.1,16,7,19,No
S00029,Sam Garcia,A,M,14,6.89,89.0,46,27,35,Yes
S00030,Jamie Singh,C,M,16,2.71,91.2,12,0,12,Yes
S00031,Avery Iyer,D,M,16,7.02,87.1,35,7,9,No
S00032,Drew Martinez,A,M,15,5.74,95.6,34,15,30,Yes
S00033,Sydney Jones,C,M,17,6.83,73.3,34,18,24,No
S00034,Riley Jones,D,F,17,6.84,100.0,46,26,21,No
S00035,Cameron Johnson,C,F,19,0.0,81.9,13,7,12,No
S00036,Quinn Singh,A,M,19,3.3,90.8,20,10,5,No
S00037,Blake Smith,B,F,19,5.67,81.4,37,14,24,Yes
S00038,Kendall Garcia,D,M,16,5.83,92.5,60,37,25,Yes
S00039,Riley Chen,A,F,17,6.78,89.9,45,14,20,No
S00040,Drew Martinez,A,F,17,6.91,83.4,38,19,25,No
S00041,Kendall Garcia,B,M,14,10.55,95.5,57,20,38,Yes
S00042,Robin Shah,C,M,16,6.94,86.9,40,21,24,Yes
S00043,Avery Shah,B,M,18,5.06,91.8,27,6,13,No
S00044,Robin Khan,B,M,16,1.2,81.6,13,10,0,Yes
S00045,Quinn Singh,C,F,18,1.89,87.8,17,8,8,No
S00046,Morgan Silva,C,F,14,7.61,100.0,33,25,21,No
S00047,Robin Johnson,C,F,15,9.18,94.7,56,24,29,Yes
S00048,Hayden Khan,A,M,17,10.62,90.2,70,34,38,No
S00049,Sydney Nguyen,A,M,14,3.52,84.9,20,4,10,Yes
S00050,Quinn Nguyen,D,F,17,5.09,88.5,28,11,13,No
S00051,Avery Müller,D,M,19,6.73,89.4,30,14,17,Yes
S00052,Kendall Martinez,B,F,15,12.14,91.1,54,15,28,No
S00053,Charlie Das,B,M,15,6.34,80.5,43,11,32,No
S00054,Charlie Khan,D,M,14,10.65,92.7,61,31,20,No
S00055,Cameron Garcia,B,M,15,6.51,80.4,43,18,20,No
S00056,Casey Lopez,C,F,18,9.46,99.4,71,28,34,Yes
S00057,Hayden Singh,A,F,15,9.08,82.6,58,22,33,No
S00058,Sam Iyer,D,M,17,6.5,90.1,36,12,20,No
S00059,Casey Smith,A,F,17,2.94,95.0,26,12,24,No
S00060,Parker Kumar,D,M,17,5.19,86.2,28,15,27,Yes
S00061,Jordan Khan,A,F,17,10.47,90.4,55,12,26,Yes
S00062,Drew Kumar,D,F,18,8.63,98.0,57,34,31,No
S00063,Sydney Lopez,A,M,16,4.7,92.0,26,20,15,No
S00064,Quinn Müller,C,M,19,4.97,90.5,15,0,3,No
S00065,Alex Iyer,D,F,14,0.81,76.2,0,7,4,No
S00066,Kendall Martinez,D,F,17,10.33,81.5,54,31,28,Yes
S00067,Robin Iyer,D,M,15,8.66,95.3,66,30,30,Yes
S00068,Jamie Das,C,M,17,5.59,92.0,33,7,16,Yes
S00069,Riley Chen,A,F,15,6.6,93.1,46,27,19,Yes
S00070,Alex Martinez,D,M,19,0.0,92.4,8,2,11,No
S00071,Peyton Smith,A,F,19,4.54,97.0,43,23,35,No
S00072,Peyton Iyer,C,M,19,10.0,86.2,66,43,38,No
S00073,Jamie Lopez,B,F,15,8.94,88.8,62,29,35,No
S00074,Blake Johnson,D,F,17,6.99,80.8,25,6,15,No
S00075,Casey Jones,C,F,19,5.96,79.1,35,14,26,No
S00076,Riley Müller,A,M,18,8.39,76.5,51,18,35,No
S00077,Peyton Patel,D,M,15,5.16,81.8,34,18,18,Yes
S00078,Blake Williams,A,F,15,1.01,98.9,22,5,14,No
S00079,Hayden Patel,B,M,17,5.98,77.1,33,12,22,No
S00080,Taylor Jones,D,M,15,7.21,85.9,36,8,13,No
S00081,Jamie Garcia,D,F,15,9.37,78.9,37,16,28,Yes
S00082,Sam Garcia,A,M,19,1.68,83.8,9,5,15,Yes
S00083,Charlie Singh,D,F,17,5.63,89.2,57,10,38,No
S00084,Jordan Ali,C,F,19,5.77,83.1,30,15,9,No
S00085,Jordan Müller,C,M,19,2.7,95.6,8,3,0,No
S00086,Casey Nguyen,B,F,17,7.46,98.7,55,20,35,Yes
S00087,Hayden Müller,C,M,14,8.24,72.3,49,34,22,No
S00088,Riley Martinez,B,M,19,5.13,83.2,41,24,24,No
S00089,Peyton Kumar,A,M,18,12.17,88.4,72,26,49,No
S00090,Parker Johnson,A,F,18,5.04,95.9,42,24,19,No
S00091,Kendall Johnson,B,F,15,4.66,84.8,44,27,22,No
S00092,Jamie Khan,C,M,18,4.57,87.9,24,12,15,No
S00093,Cameron Chen,C,F,15,3.55,79.9,14,8,0,Yes
S00094,Peyton Chen,B,F,14,4.32,77.3,16,9,4,No
S00095,Taylor Garcia,B,F,17,1.7,98.1,18,0,10,No
S00096,Avery Singh,A,M,17,5.43,75.2,41,17,21,No
S00097,Robin Patel,B,M,17,6.17,100.0,47,20,30,No
S00098,Charlie Müller,C,M,18,0.0,93.1,13,14,24,No
S00099,Avery Silva,B,O,14,5.69,92.8,23,12,13,No
S00100,Avery Patel,B,F,18,6.13,92.0,34,14,14,No
S00101,Jordan Shah,B,M,18,7.54,86.2,29,13,24,Yes
S00102,Avery Singh,A,F,14,9.61,90.7,66,36,27,Yes
S00103,Sam Williams,B,M,14,8.55,86.7,62,27,26,Yes
S00104,Jordan Lopez,D,M,14,4.14,91.9,36,12,16,Yes
S00105,Avery Martinez,D,F,14,3.79,87.8,18,6,8,Yes
S00106,Hayden Johnson,D,F,17,7.74,81.3,55,30,27,No
S00107,Kendall Nguyen,C,O,16,4.36,81.9,25,14,14,No
S00108,Charlie Silva,C,F,16,2.32,81.1,6,3,5,No
S00109,Hayden Garcia,B,M,14,13.12,94.8,68,32,44,No
S00110,Hayden Das,D,O,16,5.07,83.7,27,9,15,No
S00111,Morgan Iyer,A,M,16,4.12,74.6,23,9,9,No
S00112,Taylor Das,D,F,14,0.0,90.8,7,0,10,Yes
S00113,Cameron Das,D,F,16,8.55,98.6,43,18,19,No
S00114,Parker Chen,C,M,18,3.04,93.4,34,23,9,No
S00115,Sam Iyer,C,F,15,6.09,83.8,35,9,26,Yes
S00116,Sam Khan,A,F,15,8.91,76.9,42,15,30,Yes
S00117,Robin Iyer,C,F,14,3.08,87.1,31,6,12,No
S00118,Avery Johnson,A,F,17,6.24,86.9,28,4,13,Yes
S00119,Morgan Müller,C,M,14,10.57,81.2,44,19,19,No
S00120,Sydney Nguyen,D,M,17,0.0,91.9,19,5,12,No
S00121,Parker Smith,D,F,15,3.57,100.0,45,31,35,No
S00122,Quinn Chen,A,F,14,3.29,89.6,21,8,16,No
S00123,Avery Singh,A,F,19,5.44,89.1,34,23,25,No
S00124,Sydney Müller,C,M,18,5.86,81.4,25,17,19,No
S00125,Taylor Shah,C,M,16,2.82,97.8,25,10,14,Yes
S00126,Kendall Patel,A,M,17,4.04,87.5,23,23,19,No
S00127,Jordan Garcia,A,M,19,3.68,83.9,23,12,17,No
S00128,Riley Das,D,F,16,4.95,88.4,35,25,28,No
S00129,Hayden Ali,D,F,16,6.65,91.3,33,23,15,Yes
S00130,Morgan Khan,A,F,14,8.73,89.0,48,24,16,Yes
S00131,Sam Smith,D,F,16,9.17,96.4,42,23,29,No
S00132,Drew Patel,B,M,18,7.96,90.7,45,24,27,No
S00133,Drew Martinez,C,M,19,3.38,86.0,23,3,11,No
S00134,Sydney Brown,D,M,16,5.99,90.8,40,18,21,Yes
S00135,Parker Müller,B,F,14,13.12,91.5,76,41,57,No
S00136,Hayden Nguyen,A,F,18,9.04,78.9,56,34,27,No
S00137,Morgan Brown,D,M,15,4.68,96.0,21,5,6,Yes
S00138,Morgan Shah,A,F,19,10.75,85.9,48,25,27,No
S00139,Charlie Müller,C,M,16,4.84,86.1,35,17,26,No
S00140,Sam Williams,A,F,14,3.99,93.3,13,5,21,Yes
S00141,Sam Shah,B,F,15,10.19,93.2,62,30,38,No
S00142,Charlie Ali,A,M,15,2.07,83.1,6,4,0,No
S00143,Peyton Lopez,B,M,17,0.26,93.6,23,14,24,No
S00144,Riley Shah,D,M,18,8.82,84.1,52,32,28,No
S00145,Peyton Singh,D,M,16,6.08,100.0,41,23,18,Yes
S00146,Riley Singh,B,F,14,6.38,82.2,47,23,19,Yes
S00147,Blake Singh,C,F,17,4.92,89.7,24,22,18,No
S00148,Avery Khan,C,M,18,5.28,82.5,24,17,15,Yes
S00149,Taylor Silva,C,F,17,4.63,100.0,25,11,16,No
S00150,Avery Silva,D,M,19,4.12,79.3,17,0,17,No
S00151,Blake Shah,D,M,18,4.85,91.7,33,9,13,Yes
S00152,Blake Singh,C,M,18,4.76,82.9,33,20,26,No
S00153,Parker Silva,A,F,16,3.51,85.5,31,10,14,Yes
S00154,Charlie Lopez,C,M,18,4.36,91.2,16,1,22,Yes
S00155,Robin Martinez,A,F,17,0.0,96.6,9,0,9,No
S00156,Morgan Williams,C,M,18,8.05,99.4,43,15,18,No
S00157,Avery Martinez,A,F,16,7.17,77.2,37,22,8,Yes
S00158,Drew Nguyen,D,F,16,5.75,89.9,55,24,35,No
S00159,Jamie Chen,C,M,19,6.71,98.2,47,13,24,No
S00160,Robin Singh,C,F,17,6.82,76.2,44,20,23,No
S00161,Alex Chen,B,F,15,3.83,90.2,43,21,28,No
S00162,Blake Silva,C,M,15,4.4,88.0,38,14,27,No
S00163,Taylor Singh,A,M,18,7.58,90.9,43,26,31,Yes
S00164,Kendall Johnson,B,M,19,6.62,82.6,28,10,8,Yes
S00165,Peyton Martinez,C,F,14,12.13,78.0,64,35,44,No
S00166,Casey Jones,C,M,18,10.86,74.6,52,27,25,No
S00167,Jordan Garcia,D,M,19,8.8,94.8,42,24,10,Yes
S00168,Cameron Brown,B,M,17,3.71,95.7,31,7,10,No
S00169,Riley Chen,A,F,17,4.31,90.1,32,15,19,Yes
S00170,Kendall Brown,C,F,17,2.99,84.3,35,15,13,No
S00171,Blake Lopez,D,F,17,6.84,76.6,34,7,18,Yes
S00172,Alex Müller,C,F,17,0.0,91.9,11,12,8,No
S00173,Jamie Iyer,B,M,19,4.62,80.3,22,5,11,No
S00174,Casey Martinez,A,F,19,5.08,83.0,38,13,18,Yes
S00175,Taylor Iyer,D,O,16,1.43,83.9,12,0,0,No
S00176,Kendall Nguyen,C,F,15,8.39,86.6,39,22,22,No
S00177,Quinn Brown,A,F,17,2.58,82.7,18,0,0,No
S00178,Blake Johnson,C,F,14,6.8,88.2,44,24,20,No
S00179,Robin Johnson,C,M,19,14.35,83.6,79,42,38,No
S00180,Quinn Lopez,B,M,14,1.17,92.9,23,14,11,No
S00181,Hayden Martinez,B,M,14,5.55,95.2,26,16,13,Yes
S00182,Sam Singh,C,M,14,4.78,88.8,25,16,20,No
S00183,Parker Martinez,D,F,16,4.19,91.2,35,10,29,No
S00184,Sam Patel,B,M,19,8.28,100.0,48,30,20,Yes
S00185,Robin Nguyen,B,F,14,9.32,79.8,52,21,41,Yes
S00186,Quinn Smith,B,M,17,8.31,79.4,26,11,10,No
S00187,Sydney Müller,B,F,18,3.83,92.9,50,21,29,No
S00188,Parker Müller,A,F,14,13.3,100.0,76,37,45,No
S00189,Alex Iyer,C,F,16,0.69,86.2,19,5,25,Yes
S00190,Jordan Nguyen,A,F,19,2.9,100.0,24,11,10,No
S00191,Kendall Shah,A,O,16,6.51,88.7,43,12,13,No
S00192,Cameron Silva,C,F,14,6.27,83.2,49,29,36,No
S00193,Kendall Nguyen,B,M,19,7.46,81.1,51,27,23,Yes
S00194,Parker Nguyen,D,M,18,10.74,92.4,61,26,31,No
S00195,Sam Brown,B,M,14,5.64,81.6,32,12,11,Yes
S00196,Cameron Shah,B,F,16,6.34,88.6,47,25,24,No
S00197,Cameron Johnson,B,F,15,4.22,99.1,51,19,23,Yes
S00198,Avery Iyer,B,F,17,7.76,85.9,47,22,30,No
S00199,Cameron Müller,D,M,16,5.04,97.2,52,30,29,Yes
S00200,Parker Kumar,A,F,19,5.04,79.5,27,7,11,Yes
S00201,Casey Garcia,D,M,14,7.63,84.3,51,25,34,No
S00202,Riley Smith,C,M,17,9.1,78.1,58,28,33,Yes
S00203,Parker Patel,B,F,14,0.0,88.5,4,1,0,No
S00204,Riley Williams,D,F,19,7.08,93.5,39,15,27,No
S00205,Parker Garcia,C,F,14,5.19,88.5,43,27,25,No
S00206,Quinn Smith,D,M,15,8.84,96.6,51,19,36,No
S00207,Taylor Khan,B,F,17,5.25,82.8,24,0,14,No
S00208,Sam Ali,B,F,17,9.9,89.6,52,27,24,Yes
S00209,Avery Johnson,C,F,19,3.97,84.3,21,2,10,No
S00210,Sydney Jones,D,M,15,0.0,90.5,15,11,13,No
S00211,Jamie Garcia,B,F,16,9.15,91.5,58,34,27,Yes
S00212,Avery Patel,C,M,14,3.47,92.1,32,18,15,Yes
S00213,Morgan Khan,D,F,18,1.26,80.5,14,13,6,No
S00214,Robin Martinez,D,M,14,6.05,81.8,30,26,10,Yes
S00215,Jordan Martinez,C,F,14,5.28,83.1,37,22,16,Yes
S00216,Cameron Lopez,D,O,16,8.47,86.3,58,28,33,No
S00217,Drew Müller,D,M,14,8.68,88.6,56,35,38,No
S00218,Robin Patel,B,O,15,6.29,93.0,44,30,26,No
S00219,Taylor Martinez,B,M,15,3.35,82.1,15,17,8,Yes
S00220,Riley Silva,B,M,17,6.86,76.8,39,15,16,No
S00221,Quinn Shah,C,F,19,6.5,100.0,38,9,27,No
S00222,Taylor Kumar,A,M,18,7.71,80.1,42,16,26,No
S00223,Parker Jones,D,F,14,3.38,93.9,13,10,3,Yes
S00224,Robin Das,C,F,14,4.8,88.2,18,9,15,No
S00225,Blake Lopez,A,F,16,7.53,89.8,44,19,28,Yes
S00226,Taylor Khan,A,M,19,9.74,88.0,52,27,24,No
S00227,Charlie Johnson,C,F,15,8.9,85.3,51,14,27,Yes
S00228,Quinn Shah,A,M,18,6.25,91.2,39,18,18,No
S00229,Parker Patel,B,M,17,4.54,84.9,29,20,32,No
S00230,Peyton Müller,C,F,15,7.21,96.2,51,26,31,Yes
S00231,Morgan Jones,D,F,19,2.73,92.0,19,13,12,No
S00232,Parker Singh,B,M,17,3.55,92.2,25,21,17,No
S00233,Robin Kumar,D,O,16,10.53,84.5,70,31,47,No
S00234,Robin Iyer,A,M,16,7.21,86.3,43,15,23,No
S00235,Jamie Lopez,B,F,14,4.96,79.7,27,19,11,No
S00236,Jamie Das,D,F,19,8.49,85.5,49,29,32,No
S00237,Robin Khan,C,M,18,9.86,80.7,52,27,28,Yes
S00238,Jamie Müller,A,M,17,4.67,97.2,29,12,10,Yes
S00239,Casey Johnson,D,F,15,4.72,88.4,23,10,5,Yes
S00240,Parker Khan,A,M,19,4.34,89.2,23,3,22,No
S00241,Riley Kumar,D,M,19,8.89,86.4,58,33,33,Yes
S00242,Charlie Brown,C,M,16,8.92,89.4,47,28,22,No
S00243,Drew Müller,B,F,14,10.16,100.0,62,20,33,No
S00244,Alex Brown,D,F,14,9.03,85.9,57,31,36,No
S00245,Jamie Johnson,A,M,17,1.1,83.4,9,6,3,Yes
S00246,Parker Silva,C,M,16,6.84,91.7,48,15,18,Yes
S00247,Blake Williams,B,M,19,2.82,70.3,2,0,3,Yes
S00248,Sydney Chen,A,M,18,4.46,88.4,29,15,23,No
S00249,Sydney Johnson,C,F,16,6.51,85.4,39,15,28,No
S00250,Peyton Ali,A,F,17,8.51,81.1,47,32,22,No
S00251,Riley Singh,C,F,17,3.33,91.6,12,11,14,Yes
S00252,Jamie Lopez,B,F,16,0.0,88.4,17,10,11,Yes
S00253,Blake Williams,B,M,17,6.54,75.4,28,16,23,Yes
S00254,Jordan Garcia,A,F,16,13.93,83.5,78,43,46,Yes
S00255,Jamie Garcia,C,O,15,5.39,67.8,26,17,5,No
S00256,Morgan Nguyen,D,F,16,6.14,90.1,47,24,36,No
S00257,Alex Shah,B,F,16,11.35,90.0,82,31,45,Yes
S00258,Avery Ali,D,M,17,7.77,82.4,33,33,22,Yes
S00259,Blake Singh,D,F,17,6.65,91.8,37,10,12,No
S00260,Sydney Das,A,M,14,7.33,79.0,42,17,26,No
S00261,Charlie Johnson,A,F,14,6.75,81.2,29,3,23,No
S00262,Drew Ali,A,F,15,2.58,90.9,28,16,27,No
S00263,Drew Garcia,C,F,14,1.98,83.2,22,11,21,Yes
S00264,Casey Patel,B,F,16,11.66,87.6,70,36,42,Yes
S00265,Taylor Das,B,F,17,6.55,84.1,40,8,13,Yes
S00266,Avery Smith,D,M,14,6.3,85.1,48,28,27,Yes
S00267,Peyton Chen,A,M,14,5.73,85.4,26,7,11,Yes
S00268,Sam Müller,C,F,15,8.34,83.1,47,20,27,No
S00269,Avery Iyer,B,F,19,13.62,90.1,70,37,31,No
S00270,Sydney Nguyen,C,F,15,7.57,83.6,50,24,26,No
S00271,Sydney Lopez,A,F,16,4.24,88.1,14,8,5,Yes
S00272,Kendall Kumar,A,M,17,5.6,82.9,33,20,15,No
S00273,Robin Chen,B,F,15,9.21,77.3,52,26,25,Yes
S00274,Blake Lopez,D,M,14,4.25,94.4,23,8,12,Yes
S00275,Parker Müller,D,F,17,8.56,91.5,46,20,27,Yes
S00276,Sydney Smith,A,M,17,0.0,100.0,12,7,0,No
S00277,Hayden Chen,A,F,14,5.31,80.7,38,12,7,No
S00278,Quinn Garcia,D,M,15,7.88,86.5,38,23,19,No
S00279,Quinn Lopez,A,F,14,9.81,87.1,49,24,26,Yes
S00280,Hayden Garcia,B,F,19,3.54,94.9,37,17,21,No
S00281,Quinn Chen,B,F,17,1.49,84.5,11,12,2,Yes
S00282,Jordan Brown,C,F,18,5.22,79.8,24,10,13,No
S00283,Avery Martinez,D,F,18,2.62,96.5,30,12,17,No
S00284,Robin Williams,A,M,16,5.55,85.8,30,11,12,No
S00285,Kendall Singh,C,F,14,5.98,94.2,48,24,32,Yes
S00286,Casey Nguyen,B,M,14,2.04,93.3,14,8,9,No
S00287,Avery Khan,D,F,16,8.41,87.8,48,18,30,No
S00288,Casey Johnson,B,M,16,5.53,86.8,42,18,24,Yes
S00289,Jordan Das,A,O,16,9.24,85.3,51,19,41,Yes
S00290,Parker Williams,C,M,17,0.47,87.9,16,3,12,No
S00291,Kendall Chen,A,F,19,2.95,94.0,24,0,10,No
S00292,Parker Shah,A,F,14,7.55,82.4,59,25,37,Yes
S00293,Morgan Das,D,F,17,3.6,88.8,38,7,11,No
S00294,Drew Silva,D,F,16,5.51,80.2,21,7,12,No
S00295,Alex Silva,A,M,14,6.0,81.0,39,14,23,No
S00296,Drew Ali,D,M,17,6.47,87.8,33,21,19,No
S00297,Alex Jones,C,M,19,3.97,74.3,23,4,11,No
S00298,Jamie Khan,C,M,17,6.45,100.0,45,16,19,Yes
S00299,Parker Müller,A,F,19,3.65,79.6,14,4,3,No
S00300,Kendall Kumar,C,F,16,8.02,87.7,56,22,31,Yes
S00301,Avery Ali,A,M,19,5.66,96.2,40,26,15,Yes
S00302,Avery Martinez,C,M,14,6.47,82.0,35,9,30,No
S00303,Parker Ali,B,M,16,13.71,71.9,66,27,20,No
S00304,Alex Khan,A,M,14,2.68,84.9,20,11,9,Yes
S00305,Robin Khan,C,F,18,10.17,81.9,59,32,33,No
S00306,Riley Chen,B,O,15,0.0,72.1,0,0,3,No
S00307,Casey Kumar,A,M,19,0.0,90.0,0,0,0,Yes
S00308,Kendall Patel,C,F,15,2.28,89.4,19,8,17,Yes
S00309,Drew Silva,C,F,15,2.47,96.0,11,13,0,No
S00310,Charlie Patel,B,F,19,6.61,80.2,35,17,16,Yes
S00311,Jordan Das,D,F,16,6.87,76.8,26,13,18,No
S00312,Casey Chen,D,F,18,5.24,85.2,21,3,18,No
S00313,Riley Shah,B,M,14,5.55,87.4,45,13,16,No
S00314,Quinn Khan,B,M,17,7.58,94.4,45,20,41,Yes
S00315,Robin Johnson,A,F,14,8.5,97.9,50,14,22,No
S00316,Sydney Williams,D,M,17,2.02,96.5,25,16,6,Yes
S00317,Robin Khan,A,M,14,4.91,89.9,30,8,20,Yes
S00318,Quinn Das,C,M,19,5.79,93.6,55,25,28,Yes
S00319,Quinn Singh,B,F,18,7.46,83.5,41,7,20,Yes
S00320,Hayden Patel,A,M,17,3.68,89.2,29,11,20,No
S00321,Kendall Shah,B,F,16,5.73,79.7,40,11,13,Yes
S00322,Cameron Garcia,A,F,14,6.09,88.4,51,9,18,No
S00323,Jordan Shah,C,F,14,3.89,88.6,21,13,8,Yes
S00324,Alex Garcia,C,M,17,3.82,100.0,28,22,22,Yes
S00325,Morgan Patel,D,F,16,6.3,86.4,48,28,23,No
S00326,Blake Nguyen,D,M,16,5.61,88.6,42,23,33,No
S00327,Avery Nguyen,C,M,19,7.5,89.7,54,22,37,Yes
S00328,Hayden Iyer,A,F,19,2.84,84.8,9,9,7,Yes
S00329,Charlie Johnson,B,F,19,4.95,82.4,42,26,25,Yes
S00330,Sydney Martinez,C,M,19,5.31,97.1,31,15,19,Yes
S00331,Cameron Smith,C,M,19,8.44,81.1,48,14,27,No
S00332,Blake Kumar,A,M,19,3.18,78.7,18,5,8,No
S00333,Taylor Smith,C,F,18,6.7,92.8,36,26,18,No
S00334,Jamie Iyer,C,F,16,6.76,96.1,33,14,12,No
S00335,Charlie Patel,A,F,19,10.94,84.8,47,1,13,No
S00336,Jamie Silva,C,M,16,2.98,84.9,22,1,19,No
S00337,Drew Khan,D,F,16,4.03,90.0,16,5,10,No
S00338,Morgan Singh,D,M,15,3.19,83.0,12,12,7,No
S00339,Charlie Garcia,D,O,18,0.99,82.5,8,2,7,No
S00340,Taylor Brown,D,F,19,11.29,94.2,45,27,20,No
S00341,Blake Iyer,C,F,14,2.28,92.2,27,9,9,No
S00342,Charlie Shah,B,F,17,3.55,97.2,9,0,3,No
S00343,Cameron Müller,D,M,14,9.95,79.2,53,21,37,No
S00344,Parker Jones,D,M,18,0.74,84.5,10,7,0,Yes
S00345,Jordan Lopez,C,M,17,8.27,90.0,54,26,14,Yes
S00346,Robin Patel,C,M,18,1.76,81.5,13,0,4,Yes
S00347,Parker Ali,A,F,16,9.74,92.5,74,31,48,No
S00348,Taylor Das,D,M,17,0.0,96.6,12,22,0,No
S00349,Cameron Chen,A,F,16,0.74,83.9,18,1,3,Yes
S00350,Casey Das,D,M,14,4.37,88.3,23,14,14,No
S00351,Riley Lopez,B,F,14,8.92,98.2,57,13,47,No
S00352,Quinn Kumar,C,M,17,5.91,100.0,54,29,22,No
S00353,Kendall Ali,C,O,17,4.99,93.2,32,9,9,No
S00354,Sydney Das,A,F,19,10.04,92.2,61,30,36,No
S00355,Charlie Martinez,A,F,18,12.47,82.0,75,26,48,Yes
S00356,Robin Garcia,C,O,19,8.02,90.5,42,21,19,No
S00357,Jordan Martinez,C,M,18,4.13,91.9,12,0,0,Yes
S00358,Sydney Garcia,C,M,19,4.75,86.5,32,10,20,No
S00359,Sydney Silva,D,F,16,2.13,83.8,24,13,17,No
S00360,Blake Khan,D,M,17,6.3,79.0,24,8,24,Yes
S00361,Robin Patel,B,F,14,1.11,75.8,13,8,11,No
S00362,Hayden Williams,D,F,18,7.66,74.4,45,19,30,Yes
S00363,Riley Ali,C,M,18,12.02,92.1,51,23,26,No
S00364,Morgan Jones,D,F,14,8.15,89.0,41,21,37,No
S00365,Quinn Williams,A,M,19,4.59,84.6,26,10,12,No
S00366,Quinn Kumar,C,M,18,7.58,85.7,43,13,20,No
S00367,Quinn Müller,D,O,16,10.86,89.5,56,22,42,No
S00368,Alex Lopez,C,F,17,10.71,86.8,54,31,21,Yes
S00369,Morgan Singh,A,M,14,2.99,78.6,32,15,7,No
S00370,Avery Das,A,F,17,7.53,94.4,47,16,27,No
S00371,Hayden Müller,D,M,18,5.53,90.1,30,16,16,No
S00372,Avery Ali,C,F,18,8.42,89.9,50,25,26,No
S00373,Hayden Chen,B,F,14,7.15,93.9,50,26,33,Yes
S00374,Alex Singh,A,M,16,0.0,82.3,5,0,0,No
S00375,Jamie Garcia,B,F,15,4.96,96.5,34,11,19,No
S00376,Drew Garcia,D,F,14,6.6,87.0,35,12,17,No
S00377,Jamie Silva,A,F,15,1.7,94.2,13,4,2,No
S00378,Cameron Ali,B,M,19,7.74,93.1,43,23,23,Yes
S00379,Kendall Lopez,A,M,15,1.43,80.7,14,8,13,No
S00380,Cameron Das,B,F,16,3.6,91.5,19,11,23,No
S00381,Kendall Williams,C,F,19,10.02,90.3,61,36,37,No
S00382,Cameron Chen,C,F,15,3.35,88.2,35,20,4,Yes
S00383,Quinn Brown,D,M,19,7.72,87.3,48,21,26,No
S00384,Quinn Garcia,A,M,15,0.74,87.4,8,0,5,Yes
S00385,Taylor Johnson,B,M,16,12.24,93.7,60,23,39,Yes
S00386,Robin Iyer,D,M,15,5.09,92.0,47,20,27,Yes
S00387,Kendall Smith,C,M,15,6.29,88.2,29,18,23,No
S00388,Morgan Johnson,C,M,15,6.54,77.6,43,19,26,Yes
S00389,Hayden Martinez,D,M,14,7.82,91.5,53,20,39,No
S00390,Charlie Lopez,A,M,14,1.44,93.1,15,2,6,Yes
S00391,Blake Brown,B,M,14,5.98,100.0,40,18,23,Yes
S00392,Taylor Johnson,C,F,16,4.02,95.5,16,13,14,No
S00393,Jamie Garcia,D,M,19,0.93,74.7,9,14,2,No
S00394,Cameron Smith,C,M,18,8.96,88.5,57,24,27,No
S00395,Jamie Patel,C,M,15,4.94,100.0,28,12,12,Yes
S00396,Kendall Nguyen,B,M,15,6.73,92.4,41,11,18,Yes
S00397,Quinn Shah,A,F,16,6.54,90.3,41,30,26,No
S00398,Sam Müller,A,M,15,5.0,94.3,39,9,10,No
S00399,Jamie Nguyen,B,M,14,11.93,83.6,65,36,26,No
S00400,Hayden Iyer,D,M,18,5.86,91.3,25,9,25,No
S00401,Alex Silva,D,M,17,1.33,86.2,9,0,1,No
S00402,Jamie Ali,A,M,15,4.8,87.9,33,8,19,No
S00403,Hayden Chen,C,F,14,7.5,93.8,54,39,21,No
S00404,Robin Smith,C,F,17,7.6,81.5,38,18,21,No
S00405,Sam Martinez,D,O,18,2.74,97.0,42,19,19,No
S00406,Hayden Iyer,B,F,17,8.79,85.0,35,21,10,Yes
S00407,Jordan Khan,C,M,14,0.71,89.8,7,0,12,Yes
S00408,Hayden Singh,D,M,19,9.43,78.2,50,23,35,Yes
S00409,Charlie Shah,B,M,19,2.04,93.0,18,8,9,Yes
S00410,Casey Nguyen,A,M,17,5.32,98.1,28,10,21,No
S00411,Charlie Brown,B,F,16,9.19,84.4,55,32,42,No
S00412,Jordan Garcia,A,M,17,6.36,80.2,39,16,26,No
S00413,Taylor Müller,D,M,15,8.45,89.9,51,14,31,No
S00414,Parker Kumar,B,M,15,7.86,98.2,53,22,30,Yes
S00415,Blake Kumar,D,F,19,9.86,77.9,49,24,31,No
S00416,Avery Lopez,A,M,16,9.19,80.3,37,11,18,No
S00417,Drew Chen,C,M,14,4.64,84.8,23,5,11,No
S00418,Sydney Brown,C,M,15,7.9,82.3,46,17,28,No
S00419,Charlie Das,A,F,19,1.42,82.3,13,13,4,Yes
S00420,Jamie Silva,C,F,18,5.83,73.3,31,11,15,No
S00421,Blake Shah,C,M,19,8.46,92.1,56,34,31,Yes
S00422,Blake Iyer,B,M,15,6.4,90.4,36,13,27,Yes
S00423,Morgan Johnson,B,M,15,7.34,76.1,39,20,15,No
S00424,Quinn Singh,C,F,19,5.36,98.2,43,17,28,Yes
S00425,Riley Garcia,B,M,14,9.39,99.8,58,31,37,No
S00426,Riley Müller,A,F,17,5.76,82.7,24,4,18,No
S00427,Jordan Smith,B,F,15,4.6,96.2,26,16,9,No
S00428,Alex Das,B,M,19,8.66,84.0,56,26,21,No
S00429,Sydney Kumar,B,M,19,1.78,89.3,28,9,19,No
S00430,Hayden Brown,D,F,16,7.5,82.1,52,22,30,No
S00431,Sam Garcia,A,F,17,2.87,100.0,28,22,21,Yes
S00432,Jamie Brown,C,O,18,9.83,85.9,46,22,21,No
S00433,Sydney Singh,C,M,14,5.22,88.9,34,11,23,No
S00434,Avery Martinez,D,M,18,6.4,83.2,50,15,34,No
S00435,Charlie Johnson,B,F,17,7.24,100.0,53,27,29,Yes
S00436,Parker Iyer,A,M,17,0.21,100.0,11,6,9,No
S00437,Kendall Garcia,A,M,17,4.05,99.4,37,21,23,No
S00438,Casey Martinez,C,O,18,9.13,94.7,45,11,20,Yes
S00439,Casey Singh,D,O,17,8.6,83.6,43,12,27,No
S00440,Sam Smith,D,M,19,6.85,93.8,35,23,29,Yes
S00441,Jamie Kumar,D,F,18,1.95,88.0,21,11,12,No
S00442,Charlie Brown,D,F,17,7.76,97.2,55,28,21,Yes
S00443,Sydney Iyer,A,F,19,8.14,95.8,50,17,23,No
S00444,Sydney Brown,B,M,16,6.14,83.5,29,7,5,Yes
S00445,Drew Martinez,C,M,17,9.67,94.6,58,32,40,No
S00446,Peyton Müller,A,F,18,3.95,92.8,25,17,18,No
S00447,Hayden Chen,D,M,15,4.47,68.6,15,0,5,No
S00448,Jordan Kumar,D,M,17,0.0,93.6,12,0,0,No
S00449,Sam Das,C,F,15,8.76,85.0,44,19,19,Yes
S00450,Robin Kumar,B,F,19,6.94,81.8,27,7,11,Yes
S00451,Quinn Patel,B,F,16,0.95,82.1,0,0,1,Yes
S00452,Jordan Garcia,B,F,14,0.72,87.1,0,0,0,Yes
S00453,Charlie Silva,D,F,16,3.38,91.4,27,9,23,Yes
S00454,Alex Martinez,A,F,17,8.38,78.4,46,14,21,Yes
S00455,Charlie Shah,A,M,15,5.1,89.3,34,9,10,No
S00456,Riley Ali,B,F,15,3.59,92.0,31,16,10,No
S00457,Peyton Chen,C,M,18,2.98,100.0,36,16,20,No
S00458,Quinn Smith,B,M,15,2.85,80.5,14,9,3,No
S00459,Charlie Das,B,F,18,0.2,85.6,10,0,4,No
S00460,Hayden Singh,C,F,19,2.38,89.8,7,3,1,No
S00461,Hayden Jones,B,F,14,2.79,96.0,35,28,25,No
S00462,Parker Williams,C,M,17,8.05,85.9,37,14,17,Yes
S00463,Robin Iyer,C,F,18,5.5,96.4,32,19,15,No
S00464,Riley Williams,A,F,14,3.52,74.4,15,12,13,No
S00465,Parker Ali,C,M,15,12.93,79.2,56,30,27,No
S00466,Jamie Khan,B,F,15,4.01,90.4,28,14,18,No
S00467,Kendall Shah,C,F,14,9.5,78.1,52,27,31,Yes
S00468,Sydney Singh,B,F,15,10.86,79.8,57,30,32,Yes
S00469,Robin Martinez,C,M,19,1.29,84.3,0,4,0,No
S00470,Robin Iyer,A,O,19,6.22,93.4,56,18,38,Yes
S00471,Drew Lopez,B,M,14,4.45,74.7,29,3,29,Yes
S00472,Alex Müller,B,M,18,4.2,89.2,50,13,28,No
S00473,Sydney Das,B,F,18,7.67,95.2,42,17,17,Yes
S00474,Sam Johnson,C,F,14,4.13,86.6,35,19,19,Yes
S00475,Peyton Jones,A,F,18,4.51,85.4,35,9,25,No
S00476,Blake Ali,A,F,18,5.5,90.8,33,20,14,No
S00477,Sydney Shah,A,F,19,4.88,86.7,42,16,22,No
S00478,Morgan Martinez,A,M,18,2.48,97.7,20,6,13,No
S00479,Kendall Nguyen,C,F,16,8.39,80.2,43,14,31,Yes
S00480,Jamie Chen,B,F,17,9.15,87.6,25,0,18,No
S00481,Hayden Iyer,D,F,15,7.03,89.4,46,22,30,No
S00482,Alex Kumar,A,M,16,4.87,85.4,20,19,8,No
S00483,Avery Smith,D,F,18,3.88,67.9,14,6,10,Yes
S00484,Jamie Müller,C,F,19,3.89,86.9,18,0,6,No
S00485,Alex Müller,C,M,14,13.07,94.3,72,37,45,Yes
S00486,Parker Singh,D,F,18,8.81,93.4,57,16,38,No
S00487,Avery Iyer,B,M,19,3.48,90.5,26,4,18,Yes
S00488,Sydney Iyer,D,O,17,6.49,80.3,42,17,21,Yes
S00489,Casey Ali,C,F,18,4.91,90.8,43,20,22,Yes
S00490,Jamie Lopez,D,M,14,7.75,84.0,41,12,33,Yes
S00491,Quinn Das,A,F,19,7.63,90.5,43,18,22,No
S00492,Hayden Ali,A,O,19,9.25,88.9,61,32,40,No
S00493,Avery Chen,B,M,19,3.45,81.2,30,19,19,No
S00494,Kendall Nguyen,D,M,17,6.31,81.8,42,26,21,Yes
S00495,Drew Johnson,D,M,18,0.75,90.5,4,13,0,Yes
S00496,Blake Lopez,D,F,17,2.23,86.5,21,14,13,Yes
S00497,Casey Singh,D,F,15,8.65,82.1,49,21,27,Yes
S00498,Quinn Das,B,F,15,3.15,81.5,29,18,27,No
S00499,Robin Lopez,C,F,18,3.48,85.9,19,11,5,No
S00500,Quinn Patel,B,M,17,5.98,99.0,28,16,29,Yes
S00501,Jamie Brown,C,M,14,8.08,84.3,52,24,31,No
S00502,Charlie Silva,C,F,19,2.82,87.9,1,0,3,No
S00503,Hayden Nguyen,C,F,19,0.0,88.7,2,0,0,Yes
S00504,Sydney Müller,D,F,18,3.39,80.1,13,5,9,No
S00505,Hayden Jones,B,M,15,9.62,75.7,42,20,26,No
S00506,Robin Müller,C,M,15,7.03,80.8,33,11,24,Yes
S00507,Kendall Khan,A,M,19,9.97,89.7,67,33,31,Yes
S00508,Sydney Williams,C,M,18,2.6,88.6,27,25,23,Yes
S00509,Morgan Garcia,B,O,17,1.08,92.9,13,0,9,Yes
S00510,Charlie Khan,D,M,15,7.39,88.7,53,27,33,Yes
S00511,Avery Das,A,F,17,6.72,87.2,32,14,16,No
S00512,Sam Williams,C,M,15,6.92,83.8,31,17,11,Yes
S00513,Hayden Khan,D,M,15,8.8,94.2,61,25,34,No
S00514,Drew Nguyen,B,M,16,7.27,81.6,46,20,26,No
S00515,Hayden Shah,B,M,15,7.22,80.2,36,17,11,No
S00516,Casey Lopez,A,F,14,8.15,92.0,40,16,27,Yes
S00517,Charlie Williams,A,M,18,7.51,78.7,53,15,35,No
S00518,Taylor Chen,C,M,18,8.57,100.0,41,17,18,Yes
S00519,Taylor Lopez,D,F,17,9.03,88.6,48,13,20,No
S00520,Sydney Patel,D,M,15,10.6,90.4,63,32,33,No
S00521,Casey Das,B,M,14,4.05,82.3,40,7,22,No
S00522,Casey Singh,B,F,17,7.44,85.8,47,27,24,Yes
S00523,Hayden Martinez,C,M,16,4.89,85.0,34,18,18,No
S00524,Robin Kumar,C,F,17,3.5,84.2,19,11,12,Yes
S00525,Drew Singh,B,F,17,3.93,92.4,33,2,10,Yes
S00526,Robin Müller,B,F,15,7.48,84.9,44,18,17,Yes
S00527,Drew Williams,D,M,16,7.25,95.1,34,22,2,No
S00528,Hayden Müller,D,O,17,7.2,100.0,54,21,35,No
S00529,Sam Kumar,D,M,14,5.32,85.9,41,12,23,Yes
S00530,Jordan Garcia,C,M,14,6.01,89.1,44,16,30,Yes
S00531,Jamie Garcia,D,M,18,8.45,90.7,51,23,21,No
S00532,Jordan Das,A,F,16,1.53,100.0,12,0,7,No
S00533,Taylor Iyer,A,F,16,6.07,87.4,19,16,12,No
S00534,Sydney Smith,D,M,18,6.27,82.2,37,16,17,No
S00535,Jamie Patel,D,M,17,8.26,79.1,54,21,20,No
S00536,Sam Williams,B,M,16,1.95,87.6,25,3,24,No
S00537,Sam Brown,B,F,14,10.49,84.9,65,32,44,No
S00538,Cameron Jones,C,M,14,6.64,100.0,45,23,22,No
S00539,Parker Nguyen,A,M,15,6.8,100.0,55,20,33,No
S00540,Avery Lopez,A,F,16,4.8,80.8,36,3,17,No
S00541,Parker Silva,C,M,17,7.61,83.0,40,20,16,No
S00542,Riley Smith,D,F,18,6.14,88.5,44,19,35,No
S00543,Riley Singh,D,M,18,9.63,97.8,55,27,20,Yes
S00544,Blake Khan,C,F,17,1.68,88.4,20,21,9,No
S00545,Blake Garcia,A,M,19,6.53,83.5,28,12,16,No
S00546,Hayden Silva,A,F,15,7.23,87.6,33,12,28,No
S00547,Casey Garcia,D,F,18,5.44,83.6,41,12,28,No
S00548,Sydney Martinez,B,M,16,4.79,92.2,40,16,12,No
S00549,Sydney Martinez,C,M,15,4.91,83.0,35,17,19,No
S00550,Alex Chen,C,F,16,6.52,84.4,39,18,22,No
S00551,Jamie Müller,D,M,14,0.57,96.1,0,10,0,Yes
S00552,Riley Singh,C,M,15,8.9,82.6,49,25,31,No
S00553,Sydney Jones,A,M,18,4.56,77.9,30,13,8,Yes
S00554,Charlie Brown,D,M,15,6.38,88.7,35,12,17,No
S00555,Parker Martinez,A,F,15,7.1,85.5,36,18,23,No
S00556,Sydney Brown,B,F,15,4.42,91.6,42,13,27,No
S00557,Morgan Khan,C,F,19,5.61,90.2,36,17,21,Yes
S00558,Hayden Iyer,C,F,15,0.0,87.8,11,8,4,No
S00559,Avery Khan,A,F,16,8.2,87.6,54,23,29,No
S00560,Charlie Jones,D,F,14,9.24,82.8,43,16,28,No
S00561,Charlie Brown,D,M,17,0.9,88.6,13,0,7,No
S00562,Jamie Patel,C,F,15,4.78,94.2,44,27,18,No
S00563,Drew Martinez,A,F,18,2.31,81.2,31,16,10,No
S00564,Alex Silva,B,F,15,5.47,88.0,35,18,10,Yes
S00565,Sam Kumar,A,F,18,7.95,95.3,48,12,35,No
S00566,Hayden Brown,D,M,16,8.96,91.5,56,33,36,No
S00567,Avery Kumar,C,F,18,9.37,97.2,60,24,32,Yes
S00568,Cameron Garcia,C,M,17,9.93,84.0,66,28,34,No
S00569,Morgan Kumar,C,M,14,5.33,75.2,21,3,8,No
S00570,Quinn Nguyen,B,M,18,2.56,89.4,18,0,16,Yes
S00571,Taylor Shah,B,M,18,5.66,90.5,28,20,27,Yes
S00572,Jamie Chen,D,M,14,7.9,97.6,42,27,19,No
S00573,Sam Silva,A,F,17,2.32,96.3,25,10,21,No
S00574,Cameron Nguyen,A,F,15,10.98,91.8,70,27,39,No
S00575,Jordan Brown,A,M,18,8.69,93.4,48,19,25,No
S00576,Robin Das,B,M,14,5.38,86.7,40,16,31,No
S00577,Riley Johnson,C,M,16,3.87,79.5,32,7,18,No
S00578,Casey Müller,D,M,14,3.99,88.8,43,18,25,No
S00579,Cameron Lopez,D,F,16,6.22,94.9,42,20,25,Yes
S00580,Peyton Martinez,B,F,17,5.31,92.6,30,20,7,No
S00581,Riley Martinez,B,F,15,8.85,93.8,46,21,27,No
S00582,Hayden Brown,C,O,14,4.97,85.0,22,0,9,No
S00583,Robin Iyer,C,F,19,7.52,86.1,54,26,21,No
S00584,Sydney Singh,B,F,18,5.91,91.4,26,10,11,No
S00585,Casey Garcia,D,M,17,6.81,84.2,49,30,24,Yes
S00586,Drew Müller,C,M,14,5.31,84.4,25,20,20,Yes
S00587,Cameron Singh,C,M,18,8.12,90.1,43,28,17,No
S00588,Drew Patel,D,M,14,8.17,93.3,49,19,22,Yes
S00589,Quinn Müller,C,M,16,7.38,86.6,38,29,22,No
S00590,Taylor Chen,D,M,14,7.82,79.9,51,25,20,No
S00591,Cameron Martinez,A,M,19,3.17,82.8,35,26,15,No
S00592,Charlie Khan,C,F,14,6.97,89.4,37,14,10,No
S00593,Cameron Iyer,C,O,14,9.75,89.3,53,22,35,Yes
S00594,Avery Ali,A,F,19,7.47,89.7,44,21,22,Yes
S00595,Alex Kumar,D,F,17,2.91,91.6,28,14,15,Yes
S00596,Kendall Williams,C,F,14,5.85,88.0,35,23,25,No
S00597,Blake Garcia,A,M,19,7.12,89.9,55,23,26,No
S00598,Jordan Chen,D,F,18,3.73,87.7,35,23,17,Yes
S00599,Jamie Das,C,F,16,1.93,96.0,11,9,0,No
S00600,Taylor Nguyen,B,M,16,5.05,98.0,41,17,16,Yes
S00601,Sam Shah,A,M,14,3.78,79.7,35,20,14,Yes
S00602,Jamie Ali,D,F,17,5.96,86.2,32,12,15,No
S00603,Taylor Iyer,B,M,17,1.23,88.2,11,19,4,No
S00604,Avery Müller,D,M,18,7.69,86.1,41,2,24,No
S00605,Casey Khan,B,F,14,4.1,100.0,28,17,10,Yes
S00606,Sydney Jones,B,M,16,8.99,89.6,39,7,23,No
S00607,Kendall Das,A,M,17,5.17,82.4,20,8,14,Yes
S00608,Charlie Nguyen,A,F,14,5.92,92.2,39,17,19,Yes
S00609,Parker Iyer,B,F,17,5.48,89.9,47,30,21,No
S00610,Hayden Kumar,A,F,19,3.94,90.1,23,6,13,No
S00611,Parker Martinez,D,M,17,13.42,100.0,74,41,39,Yes
S00612,Sam Jones,C,M,16,4.51,90.5,44,13,26,No
S00613,Morgan Chen,D,F,15,9.07,85.9,43,27,33,Yes
S00614,Sydney Garcia,B,F,18,2.72,74.3,2,0,2,No
S00615,Cameron Iyer,D,M,18,7.12,86.8,36,17,16,No
S00616,Cameron Müller,B,F,16,7.44,97.1,43,17,18,No
S00617,Cameron Shah,D,M,17,5.93,87.4,23,18,8,Yes
S00618,Drew Martinez,D,F,14,4.29,72.3,21,16,3,No
S00619,Morgan Iyer,A,F,17,5.21,84.5,39,20,27,No
S00620,Sydney Singh,B,O,16,4.79,94.9,24,4,0,Yes
S00621,Morgan Kumar,B,M,18,13.21,91.8,75,29,44,Yes
S00622,Alex Shah,C,F,17,5.93,82.1,38,11,16,No
S00623,Robin Garcia,D,F,18,7.57,84.0,43,6,21,No
S00624,Casey Silva,D,M,14,11.34,85.1,64,36,30,No
S00625,Morgan Singh,C,O,18,3.37,83.4,24,9,22,No
S00626,Kendall Johnson,B,M,18,6.11,73.8,26,10,14,No
S00627,Charlie Johnson,D,M,15,5.19,93.3,47,30,31,No
S00628,Avery Williams,C,F,15,5.74,96.8,49,19,35,Yes
S00629,Casey Kumar,C,M,19,5.46,77.4,40,13,23,Yes
S00630,Alex Martinez,C,O,15,3.8,96.7,38,16,14,No
S00631,Casey Nguyen,D,F,18,6.59,87.3,27,5,14,Yes
S00632,Kendall Martinez,B,M,16,2.81,96.6,32,16,13,No
S00633,Riley Iyer,B,F,18,8.97,88.3,57,23,28,No
S00634,Alex Nguyen,C,F,16,7.87,88.9,35,13,19,Yes
S00635,Alex Jones,C,M,16,4.52,90.6,29,9,15,Yes
S00636,Avery Silva,B,F,15,4.67,82.5,31,13,20,No
S00637,Robin Patel,C,F,17,6.83,96.4,58,27,35,No
S00638,Riley Martinez,C,M,14,3.6,80.2,28,9,15,Yes
S00639,Sam Nguyen,B,M,15,11.44,85.2,56,23,33,No
S00640,Parker Lopez,D,M,15,7.07,91.7,58,26,29,No
S00641,Taylor Singh,C,M,17,7.18,84.4,42,18,31,No
S00642,Hayden Chen,D,M,14,8.04,93.4,48,22,23,Yes
S00643,Cameron Lopez,C,M,18,4.26,97.6,30,9,24,No
S00644,Charlie Iyer,C,M,19,9.27,95.1,43,25,15,No
S00645,Sydney Lopez,C,F,19,6.34,74.4,33,15,16,No
S00646,Avery Kumar,A,M,18,8.85,88.9,56,22,29,Yes
S00647,Sam Lopez,D,F,15,5.41,95.2,34,17,20,Yes
S00648,Jamie Chen,D,M,14,9.95,78.8,57,25,37,No
S00649,Alex Shah,C,M,15,7.2,93.1,38,7,13,No
S00650,Hayden Khan,B,F,16,12.55,92.7,71,34,32,Yes
S00651,Parker Iyer,C,O,15,4.89,79.5,31,8,9,No
S00652,Hayden Chen,A,F,15,6.61,93.8,44,25,32,No
S00653,Jordan Singh,C,M,18,2.91,89.9,10,3,7,Yes
S00654,Robin Kumar,A,O,18,4.41,92.6,28,17,9,Yes
S00655,Casey Singh,C,F,18,7.86,81.2,57,22,29,No
S00656,Casey Martinez,D,F,19,9.39,89.1,51,23,35,No
S00657,Blake Silva,C,O,16,14.9,76.1,77,42,41,No
S00658,Kendall Williams,D,F,18,5.71,72.1,29,11,14,Yes
S00659,Drew Kumar,B,M,14,3.2,89.0,36,13,15,No
S00660,Peyton Brown,B,F,19,8.26,95.7,62,32,28,Yes
S00661,Sydney Lopez,C,M,17,2.62,89.8,27,16,22,No
S00662,Blake Das,C,F,14,7.69,87.6,38,14,31,No
S00663,Taylor Iyer,B,F,14,4.49,86.7,32,2,12,No
S00664,Kendall Johnson,A,F,18,6.63,81.4,42,15,32,No
S00665,Parker Chen,B,F,17,9.27,86.4,47,25,23,No
S00666,Avery Das,B,F,17,5.67,91.0,30,9,20,Yes
S00667,Robin Chen,A,F,19,8.8,85.0,64,29,44,No
S00668,Drew Das,B,M,17,8.62,93.3,50,19,27,Yes
S00669,Taylor Williams,B,M,16,0.41,89.4,23,0,11,No
S00670,Parker Williams,A,M,18,3.3,90.2,33,11,23,No
S00671,Quinn Jones,A,F,17,1.31,94.2,19,13,4,Yes
S00672,Casey Ali,D,F,19,12.01,84.3,69,17,45,No
S00673,Jordan Singh,C,M,16,5.68,92.6,26,13,15,No
S00674,Jordan Singh,D,F,15,11.34,85.3,64,22,32,No
S00675,Parker Iyer,A,M,15,1.1,90.4,25,15,10,Yes
S00676,Cameron Nguyen,B,F,16,4.28,83.5,32,19,9,Yes
S00677,Kendall Shah,A,M,19,8.4,81.6,48,21,23,No
S00678,Charlie Müller,B,F,16,6.54,88.6,54,23,28,Yes
S00679,Kendall Williams,D,M,18,7.6,74.8,38,12,15,No
S00680,Taylor Das,D,M,18,2.24,85.9,13,0,7,No
S00681,Cameron Das,D,F,15,10.13,76.8,55,35,33,No
S00682,Sam Brown,B,F,17,8.33,93.5,57,20,30,No
S00683,Blake Brown,C,F,19,7.2,95.4,32,24,22,Yes
S00684,Cameron Iyer,C,M,15,3.94,82.0,27,7,10,Yes
S00685,Charlie Lopez,C,F,17,6.97,91.0,50,26,34,No
S00686,Morgan Nguyen,A,M,17,5.13,94.3,33,8,19,No
S00687,Hayden Garcia,A,M,18,1.05,94.3,24,14,22,No
S00688,Taylor Jones,B,F,14,5.85,89.5,42,17,38,No
S00689,Kendall Jones,A,M,14,5.53,93.1,54,22,27,Yes
S00690,Taylor Martinez,B,M,16,9.19,83.5,45,24,22,No
S00691,Charlie Garcia,D,M,18,0.0,88.6,14,3,6,No
S00692,Parker Müller,B,M,17,6.71,84.7,31,5,21,No
S00693,Blake Kumar,A,F,19,2.53,82.9,5,7,11,No
S00694,Kendall Patel,D,M,14,6.96,88.3,26,5,10,No
S00695,Blake Martinez,D,F,17,7.12,90.4,48,25,29,No
S00696,Alex Smith,B,F,14,5.74,96.1,41,24,22,Yes
S00697,Quinn Brown,C,F,14,8.42,89.9,46,18,29,Yes
S00698,Robin Jones,A,M,14,2.26,92.5,6,10,12,Yes
S00699,Alex Smith,A,F,19,9.32,92.6,50,25,26,No
S00700,Casey Silva,C,M,18,3.88,100.0,31,10,7,No
